savedTimeEvents[0], 0x00000001,
savedTimeEvents[1], 0x00000001,
savedTimeEvents[2], 0x00001111,
savedTimeEvents[3], 0x000003E8,
savedTimeEvents[4], 0x000001B8,
savedTimeEvents[5], 0x00002222,
savedTimeEvents[6], 0x000003E8,
savedTimeEvents[7], 0x000006DC,
savedTimeEvents[8], 0x00001111,
savedTimeEvents[9], 0x000003E8,
savedTimeEvents[10], 0x00000893,
savedTimeEvents[11], 0x00002222,
savedTimeEvents[12], 0x000003E8,
savedTimeEvents[13], 0x00000DB8,
savedTimeEvents[14], 0x00001111,
savedTimeEvents[15], 0x000003E8,
savedTimeEvents[16], 0x00000F6F,
savedTimeEvents[17], 0x00002222,
savedTimeEvents[18], 0x000003E8,
savedTimeEvents[19], 0x00001493,
savedTimeEvents[20], 0x00001111,
savedTimeEvents[21], 0x000003E8,
savedTimeEvents[22], 0x0000164A,
savedTimeEvents[23], 0x00002222,
savedTimeEvents[24], 0x000003E8,
savedTimeEvents[25], 0x00001B6F,
savedTimeEvents[26], 0x00001111,
savedTimeEvents[27], 0x000003E8,
savedTimeEvents[28], 0x00001D3F,
savedTimeEvents[29], 0x00002222,
savedTimeEvents[30], 0x000003CF,
savedTimeEvents[31], 0x000022A7,
savedTimeEvents[32], 0x00001111,
savedTimeEvents[33], 0x00000384,
savedTimeEvents[34], 0x00002433,
savedTimeEvents[35], 0x00002222,
savedTimeEvents[36], 0x00000384,
savedTimeEvents[37], 0x000028D4,
savedTimeEvents[38], 0x00001111,
savedTimeEvents[39], 0x00000384,
savedTimeEvents[40], 0x00002A5F,
savedTimeEvents[41], 0x00002222,
savedTimeEvents[42], 0x00000384,
savedTimeEvents[43], 0x00002F00,
savedTimeEvents[44], 0x00001111,
savedTimeEvents[45], 0x00000384,
savedTimeEvents[46], 0x0000308C,
savedTimeEvents[47], 0x00002222,
savedTimeEvents[48], 0x00000384,
savedTimeEvents[49], 0x0000352D,
savedTimeEvents[50], 0x00001111,
savedTimeEvents[51], 0x00000384,
savedTimeEvents[52], 0x000036B8,
savedTimeEvents[53], 0x00002222,
savedTimeEvents[54], 0x00000384,
savedTimeEvents[55], 0x00003B59,
savedTimeEvents[56], 0x00001111,
savedTimeEvents[57], 0x00000384,
savedTimeEvents[58], 0x00003CE5,
savedTimeEvents[59], 0x00002222,
savedTimeEvents[60], 0x00000384,
savedTimeEvents[61], 0x00004186,
savedTimeEvents[62], 0x00001111,
savedTimeEvents[63], 0x00000384,
savedTimeEvents[64], 0x00004311,
savedTimeEvents[65], 0x00002222,
savedTimeEvents[66], 0x00000384,
savedTimeEvents[67], 0x000047F5,
savedTimeEvents[68], 0x00001111,
savedTimeEvents[69], 0x00000339,
savedTimeEvents[70], 0x0000497D,
savedTimeEvents[71], 0x00002222,
savedTimeEvents[72], 0x00000320,
savedTimeEvents[73], 0x00004D9B,
savedTimeEvents[74], 0x00001111,
savedTimeEvents[75], 0x00000320,
savedTimeEvents[76], 0x00004F19,
savedTimeEvents[77], 0x00002222,
savedTimeEvents[78], 0x00000307,
savedTimeEvents[79], 0x00005360,
savedTimeEvents[80], 0x00001111,
savedTimeEvents[81], 0x000002BC,
savedTimeEvents[82], 0x00005499,
savedTimeEvents[83], 0x00002222,
savedTimeEvents[84], 0x000002A3,
savedTimeEvents[85], 0x00005813,
savedTimeEvents[86], 0x00001111,
savedTimeEvents[87], 0x000002A3,
savedTimeEvents[88], 0x0000593C,
savedTimeEvents[89], 0x00002222,
savedTimeEvents[90], 0x000002A3,
savedTimeEvents[91], 0x00005CB6,
savedTimeEvents[92], 0x00001111,
savedTimeEvents[93], 0x000002A3,
savedTimeEvents[94], 0x00005DDF,
savedTimeEvents[95], 0x00002222,
savedTimeEvents[96], 0x000002A3,
savedTimeEvents[97], 0x00006158,
savedTimeEvents[98], 0x00001111,
savedTimeEvents[99], 0x000002A3,
savedTimeEvents[100], 0x00006281,
savedTimeEvents[101], 0x00002222,
savedTimeEvents[102], 0x000002A3,
savedTimeEvents[103], 0x000065FB,
savedTimeEvents[104], 0x00001111,
savedTimeEvents[105], 0x000002A3,
savedTimeEvents[106], 0x00006724,
savedTimeEvents[107], 0x00002222,
savedTimeEvents[108], 0x000002A3,
savedTimeEvents[109], 0x00006A9E,
savedTimeEvents[110], 0x00001111,
savedTimeEvents[111], 0x000002A3,
savedTimeEvents[112], 0x00006BC7,
savedTimeEvents[113], 0x00002222,
savedTimeEvents[114], 0x000002A3,
savedTimeEvents[115], 0x00006F41,
savedTimeEvents[116], 0x00001111,
savedTimeEvents[117], 0x000002A3,
savedTimeEvents[118], 0x00007086,
savedTimeEvents[119], 0x00002222,
savedTimeEvents[120], 0x0000028A,
savedTimeEvents[121], 0x0000740F,
savedTimeEvents[122], 0x00001111,
savedTimeEvents[123], 0x0000023F,
savedTimeEvents[124], 0x0000750C,
savedTimeEvents[125], 0x00002222,
savedTimeEvents[126], 0x0000023F,
savedTimeEvents[127], 0x00007810,
savedTimeEvents[128], 0x00001111,
savedTimeEvents[129], 0x00000226,
savedTimeEvents[130], 0x0000791C,
savedTimeEvents[131], 0x00002222,
savedTimeEvents[132], 0x0000020D,
savedTimeEvents[133], 0x00007BDF,
savedTimeEvents[134], 0x00001111,
savedTimeEvents[135], 0x000001DB,
savedTimeEvents[136], 0x00007CB0,
savedTimeEvents[137], 0x00002222,
savedTimeEvents[138], 0x000001DB,
savedTimeEvents[139], 0x00007F39,
savedTimeEvents[140], 0x00001111,
savedTimeEvents[141], 0x000001C2,
savedTimeEvents[142], 0x00008015,
savedTimeEvents[143], 0x00002222,
savedTimeEvents[144], 0x000001A9,
savedTimeEvents[145], 0x0000825F,
savedTimeEvents[146], 0x00001111,
savedTimeEvents[147], 0x0000015E,
savedTimeEvents[148], 0x000082FE,
savedTimeEvents[149], 0x00002222,
savedTimeEvents[150], 0x00000145,
savedTimeEvents[151], 0x000084AC,
savedTimeEvents[152], 0x00001111,
savedTimeEvents[153], 0x00000145,
savedTimeEvents[154], 0x0000853C,
savedTimeEvents[155], 0x00002222,
savedTimeEvents[156], 0x00000145,
savedTimeEvents[157], 0x000086EB,
savedTimeEvents[158], 0x00001111,
savedTimeEvents[159], 0x00000145,
savedTimeEvents[160], 0x0000877B,
savedTimeEvents[161], 0x00002222,
savedTimeEvents[162], 0x00000145,
savedTimeEvents[163], 0x00008929,
savedTimeEvents[164], 0x00001111,
savedTimeEvents[165], 0x00000145,
savedTimeEvents[166], 0x000089B9,
savedTimeEvents[167], 0x00002222,
savedTimeEvents[168], 0x00000145,
savedTimeEvents[169], 0x00008B67,
savedTimeEvents[170], 0x00001111,
savedTimeEvents[171], 0x00000145,
savedTimeEvents[172], 0x00008BF7,
savedTimeEvents[173], 0x00002222,
savedTimeEvents[174], 0x00000145,
savedTimeEvents[175], 0x00008DA5,
savedTimeEvents[176], 0x00001111,
savedTimeEvents[177], 0x00000145,
savedTimeEvents[178], 0x00008E35,
savedTimeEvents[179], 0x00002222,
savedTimeEvents[180], 0x00000145,
savedTimeEvents[181], 0x00008FE4,
savedTimeEvents[182], 0x00001111,
savedTimeEvents[183], 0x00000145,
savedTimeEvents[184], 0x00009073,
savedTimeEvents[185], 0x00002222,
savedTimeEvents[186], 0x00000145,
savedTimeEvents[187], 0x00009222,
savedTimeEvents[188], 0x00001111,
savedTimeEvents[189], 0x00000145,
savedTimeEvents[190], 0x000092B2,
savedTimeEvents[191], 0x00002222,
savedTimeEvents[192], 0x00000145,
savedTimeEvents[193], 0x00009460,
savedTimeEvents[194], 0x00001111,
savedTimeEvents[195], 0x00000145,
savedTimeEvents[196], 0x000094F0,
savedTimeEvents[197], 0x00002222,
savedTimeEvents[198], 0x00000145,
savedTimeEvents[199], 0x000096A8,
savedTimeEvents[200], 0x00001111,
savedTimeEvents[201], 0x00000113,
savedTimeEvents[202], 0x0000972F,
savedTimeEvents[203], 0x00002222,
savedTimeEvents[204], 0x000000FA,
savedTimeEvents[205], 0x0000987B,
savedTimeEvents[206], 0x00001111,
savedTimeEvents[207], 0x000000AF,
savedTimeEvents[208], 0x000098D2,
savedTimeEvents[209], 0x00002222,
savedTimeEvents[210], 0x00000096,
savedTimeEvents[211], 0x0000998D,
savedTimeEvents[212], 0x00001111,
savedTimeEvents[213], 0x0000004B,
savedTimeEvents[214], 0x000099B3,
savedTimeEvents[215], 0x00002222,
savedTimeEvents[216], 0x00000032,
savedTimeEvents[217], 0x00009A32,
savedTimeEvents[218], 0x00001111,
savedTimeEvents[219], 0x00000000,
savedTimeEvents[220], 0x00009A64,
savedTimeEvents[221], 0x00002222,
savedTimeEvents[222], 0x00000000,
savedTimeEvents[223], 0x00009AF7,
savedTimeEvents[224], 0x00001111,
savedTimeEvents[225], 0x00000000,
savedTimeEvents[226], 0x00009B24,
savedTimeEvents[227], 0x00002222,
savedTimeEvents[228], 0x00000000,
savedTimeEvents[229], 0x00009BAB,
savedTimeEvents[230], 0x00001111,
savedTimeEvents[231], 0x00000000,
savedTimeEvents[232], 0x00009BD9,
savedTimeEvents[233], 0x00002222,
savedTimeEvents[234], 0x00000000,
savedTimeEvents[235], 0x00009C5F,
savedTimeEvents[236], 0x00001111,
savedTimeEvents[237], 0x00000000,
savedTimeEvents[238], 0x00009C8D,
savedTimeEvents[239], 0x00002222,
savedTimeEvents[240], 0x00000000,
savedTimeEvents[241], 0x00009D14,
savedTimeEvents[242], 0x00001111,
savedTimeEvents[243], 0x00000000,
savedTimeEvents[244], 0x00009D41,
savedTimeEvents[245], 0x00002222,
savedTimeEvents[246], 0x00000000,
savedTimeEvents[247], 0x00009DC8,
savedTimeEvents[248], 0x00001111,
savedTimeEvents[249], 0x00000000,
savedTimeEvents[250], 0x00009DF5,
savedTimeEvents[251], 0x00002222,
savedTimeEvents[252], 0x00000000,
savedTimeEvents[253], 0x00009E7C,
savedTimeEvents[254], 0x00001111,
savedTimeEvents[255], 0x00000000,
savedTimeEvents[256], 0x00009EAA,
savedTimeEvents[257], 0x00002222,
savedTimeEvents[258], 0x00000000,
savedTimeEvents[259], 0x00009F31,
savedTimeEvents[260], 0x00001111,
savedTimeEvents[261], 0x00000000,
savedTimeEvents[262], 0x00009F5E,
savedTimeEvents[263], 0x00002222,
savedTimeEvents[264], 0x00000000,
savedTimeEvents[265], 0x00009FE5,
savedTimeEvents[266], 0x00001111,
savedTimeEvents[267], 0x00000000,
savedTimeEvents[268], 0x0000A012,
savedTimeEvents[269], 0x00002222,
savedTimeEvents[270], 0x00000000,
savedTimeEvents[271], 0x0000A099,
savedTimeEvents[272], 0x00001111,
savedTimeEvents[273], 0x00000000,
savedTimeEvents[274], 0x0000A0C7,
savedTimeEvents[275], 0x00002222,
savedTimeEvents[276], 0x00000000,
savedTimeEvents[277], 0x0000A14E,
savedTimeEvents[278], 0x00001111,
savedTimeEvents[279], 0x00000000,
savedTimeEvents[280], 0x0000A17B,
savedTimeEvents[281], 0x00002222,
savedTimeEvents[282], 0x00000000,
savedTimeEvents[283], 0x0000A202,
savedTimeEvents[284], 0x00001111,
savedTimeEvents[285], 0x00000000,
savedTimeEvents[286], 0x0000A22F,
savedTimeEvents[287], 0x00002222,
savedTimeEvents[288], 0x00000000,
savedTimeEvents[289], 0x0000A2B6,
savedTimeEvents[290], 0x00001111,
savedTimeEvents[291], 0x00000000,
savedTimeEvents[292], 0x0000A2E4,
savedTimeEvents[293], 0x00002222,
savedTimeEvents[294], 0x00000000,
savedTimeEvents[295], 0x0000A36A,
savedTimeEvents[296], 0x00001111,
savedTimeEvents[297], 0x00000000,
savedTimeEvents[298], 0x0000A398,
savedTimeEvents[299], 0x00002222,
savedTimeEvents[300], 0x00000000,
savedTimeEvents[301], 0x0000A41F,
savedTimeEvents[302], 0x00001111,
savedTimeEvents[303], 0x00000000,
savedTimeEvents[304], 0x0000A44C,
savedTimeEvents[305], 0x00002222,
savedTimeEvents[306], 0x00000000,
savedTimeEvents[307], 0x0000A4D3,
savedTimeEvents[308], 0x00001111,
savedTimeEvents[309], 0x00000000,
savedTimeEvents[310], 0x0000A500,
savedTimeEvents[311], 0x00002222,
savedTimeEvents[312], 0x00000000,
savedTimeEvents[313], 0x0000A587,
savedTimeEvents[314], 0x00001111,
savedTimeEvents[315], 0x00000000,
savedTimeEvents[316], 0x0000A5B5,
savedTimeEvents[317], 0x00002222,
savedTimeEvents[318], 0x00000000,
savedTimeEvents[319], 0x0000A63C,
savedTimeEvents[320], 0x00001111,
savedTimeEvents[321], 0x00000000,
savedTimeEvents[322], 0x0000A669,
savedTimeEvents[323], 0x00002222,
savedTimeEvents[324], 0x00000000,
savedTimeEvents[325], 0x0000A6F0,
savedTimeEvents[326], 0x00001111,
savedTimeEvents[327], 0x00000000,
savedTimeEvents[328], 0x0000A71D,
savedTimeEvents[329], 0x00002222,
savedTimeEvents[330], 0x00000000,
savedTimeEvents[331], 0x0000A7A4,
savedTimeEvents[332], 0x00001111,
savedTimeEvents[333], 0x00000000,
savedTimeEvents[334], 0x0000A7D2,
savedTimeEvents[335], 0x00002222,
savedTimeEvents[336], 0x00000000,
savedTimeEvents[337], 0x0000A859,
savedTimeEvents[338], 0x00001111,
savedTimeEvents[339], 0x00000000,
savedTimeEvents[340], 0x0000A886,
savedTimeEvents[341], 0x00002222,
savedTimeEvents[342], 0x00000000,
savedTimeEvents[343], 0x0000A90D,
savedTimeEvents[344], 0x00001111,
savedTimeEvents[345], 0x00000000,
savedTimeEvents[346], 0x0000A93A,
savedTimeEvents[347], 0x00002222,
savedTimeEvents[348], 0x00000000,
savedTimeEvents[349], 0x0000A9C1,
savedTimeEvents[350], 0x00001111,
savedTimeEvents[351], 0x00000000,
savedTimeEvents[352], 0x0000A9EE,
savedTimeEvents[353], 0x00002222,
savedTimeEvents[354], 0x00000000,
savedTimeEvents[355], 0x0000AA75,
savedTimeEvents[356], 0x00001111,
savedTimeEvents[357], 0x00000000,
savedTimeEvents[358], 0x0000AAA3,
savedTimeEvents[359], 0x00002222,
savedTimeEvents[360], 0x00000000,
savedTimeEvents[361], 0x0000AB2A,
savedTimeEvents[362], 0x00001111,
savedTimeEvents[363], 0x00000000,
savedTimeEvents[364], 0x0000AB57,
savedTimeEvents[365], 0x00002222,
savedTimeEvents[366], 0x00000000,
savedTimeEvents[367], 0x0000ABDE,
savedTimeEvents[368], 0x00001111,
savedTimeEvents[369], 0x00000000,
savedTimeEvents[370], 0x0000AC0B,
savedTimeEvents[371], 0x00002222,
savedTimeEvents[372], 0x00000000,
savedTimeEvents[373], 0x0000AC92,
savedTimeEvents[374], 0x00001111,
savedTimeEvents[375], 0x00000000,
savedTimeEvents[376], 0x0000ACC0,
savedTimeEvents[377], 0x00002222,
savedTimeEvents[378], 0x00000000,
savedTimeEvents[379], 0x0000AD47,
savedTimeEvents[380], 0x00001111,
savedTimeEvents[381], 0x00000000,
savedTimeEvents[382], 0x0000AD76,
savedTimeEvents[383], 0x00002222,
savedTimeEvents[384], 0x00000032,
savedTimeEvents[385], 0x0000AE0C,
savedTimeEvents[386], 0x00001111,
savedTimeEvents[387], 0x000000C8,
savedTimeEvents[388], 0x0000AE6F,
savedTimeEvents[389], 0x00002222,
savedTimeEvents[390], 0x000000FA,
savedTimeEvents[391], 0x0000B028,
savedTimeEvents[392], 0x00001111,
savedTimeEvents[393], 0x00000190,
savedTimeEvents[394], 0x0000B0EC,
savedTimeEvents[395], 0x00002222,
savedTimeEvents[396], 0x000001C2,
savedTimeEvents[397], 0x0000B3B4,
savedTimeEvents[398], 0x00001111,
savedTimeEvents[399], 0x00000258,
savedTimeEvents[400], 0x0000B4BC,
savedTimeEvents[401], 0x00002222,
savedTimeEvents[402], 0x00000258,
savedTimeEvents[403], 0x0000B7D3,
savedTimeEvents[404], 0x00001111,
savedTimeEvents[405], 0x00000258,
savedTimeEvents[406], 0x0000B8DB,
savedTimeEvents[407], 0x00002222,
savedTimeEvents[408], 0x00000258,
savedTimeEvents[409], 0x0000BC76,
savedTimeEvents[410], 0x00001111,
savedTimeEvents[411], 0x000002EE,
savedTimeEvents[412], 0x0000BDE3,
savedTimeEvents[413], 0x00002222,
savedTimeEvents[414], 0x00000320,
savedTimeEvents[415], 0x0000C235,
savedTimeEvents[416], 0x00001111,
savedTimeEvents[417], 0x00000352,
savedTimeEvents[418], 0x0000C3AB,
savedTimeEvents[419], 0x00002222,
savedTimeEvents[420], 0x00000352,
savedTimeEvents[421], 0x0000C86F,
savedTimeEvents[422], 0x00001111,
savedTimeEvents[423], 0x000003B6,
savedTimeEvents[424], 0x0000CA2E,
savedTimeEvents[425], 0x00002222,
savedTimeEvents[426], 0x000003E8,
savedTimeEvents[427], 0x0000CF5D,
savedTimeEvents[428], 0x00001111,
savedTimeEvents[429], 0x0000041A,
savedTimeEvents[430], 0x0000D15C,
savedTimeEvents[431], 0x00002222,
savedTimeEvents[432], 0x0000044C,
savedTimeEvents[433], 0x0000D75E,
savedTimeEvents[434], 0x00001111,
savedTimeEvents[435], 0x000004B0,
savedTimeEvents[436], 0x0000D9A6,
savedTimeEvents[437], 0x00002222,
savedTimeEvents[438], 0x000004E2,
savedTimeEvents[439], 0x0000E089,
savedTimeEvents[440], 0x00001111,
savedTimeEvents[441], 0x00000546,
savedTimeEvents[442], 0x0000E309,
savedTimeEvents[443], 0x00002222,
savedTimeEvents[444], 0x00000578,
savedTimeEvents[445], 0x0000EAAC,
savedTimeEvents[446], 0x00001111,
savedTimeEvents[447], 0x000005DC,
savedTimeEvents[448], 0x0000ED4C,
savedTimeEvents[449], 0x00002222,
savedTimeEvents[450], 0x0000060E,
savedTimeEvents[451], 0x0000F542,
savedTimeEvents[452], 0x00001111,
savedTimeEvents[453], 0x0000060E,
savedTimeEvents[454], 0x0000F7EA,
savedTimeEvents[455], 0x00002222,
savedTimeEvents[456], 0x0000060E,
savedTimeEvents[457], 0x00000060,
savedTimeEvents[458], 0x00001111,
savedTimeEvents[459], 0x00000672,
savedTimeEvents[460], 0x00000334,
savedTimeEvents[461], 0x00002222,
savedTimeEvents[462], 0x00000672,
savedTimeEvents[463], 0x00000C69,
savedTimeEvents[464], 0x00001111,
savedTimeEvents[465], 0x00000708,
savedTimeEvents[466], 0x00000F7E,
savedTimeEvents[467], 0x00002222,
savedTimeEvents[468], 0x00000708,
savedTimeEvents[469], 0x00001947,
savedTimeEvents[470], 0x00001111,
savedTimeEvents[471], 0x0000076C,
savedTimeEvents[472], 0x00001C89,
savedTimeEvents[473], 0x00002222,
savedTimeEvents[474], 0x0000079E,
savedTimeEvents[475], 0x000026D7,
savedTimeEvents[476], 0x00001111,
savedTimeEvents[477], 0x000007D0,
savedTimeEvents[478], 0x00002A6E,
savedTimeEvents[479], 0x00002222,
savedTimeEvents[480], 0x000007D0,
savedTimeEvents[481], 0x000034B3,
savedTimeEvents[482], 0x00001111,
savedTimeEvents[483], 0x000007D0,
savedTimeEvents[484], 0x0000381F,
savedTimeEvents[485], 0x00002222,
savedTimeEvents[486], 0x000007D0,
savedTimeEvents[487], 0x00004297,
savedTimeEvents[488], 0x00001111,
savedTimeEvents[489], 0x000007B7,
savedTimeEvents[490], 0x0000461A,
savedTimeEvents[491], 0x00002222,
savedTimeEvents[492], 0x0000079E,
savedTimeEvents[493], 0x0000501E,
savedTimeEvents[494], 0x00001111,
savedTimeEvents[495], 0x0000079E,
savedTimeEvents[496], 0x00005374,
savedTimeEvents[497], 0x00002222,
savedTimeEvents[498], 0x0000079E,
savedTimeEvents[499], 0x00005D78,
savedTimeEvents[500], 0x00001111,
savedTimeEvents[501], 0x0000079E,
savedTimeEvents[502], 0x000060D8,
savedTimeEvents[503], 0x00002222,
savedTimeEvents[504], 0x00000785,
savedTimeEvents[505], 0x00006AFC,
savedTimeEvents[506], 0x00001111,
savedTimeEvents[507], 0x0000076C,
savedTimeEvents[508], 0x00006E70,
savedTimeEvents[509], 0x00002222,
savedTimeEvents[510], 0x00000753,
savedTimeEvents[511], 0x00007851,
savedTimeEvents[512], 0x00001111,
savedTimeEvents[513], 0x00000708,
savedTimeEvents[514], 0x00007BB7,
savedTimeEvents[515], 0x00002222,
savedTimeEvents[516], 0x000006EF,
savedTimeEvents[517], 0x00008562,
savedTimeEvents[518], 0x00001111,
savedTimeEvents[519], 0x000006A4,
savedTimeEvents[520], 0x00008859,
savedTimeEvents[521], 0x00002222,
savedTimeEvents[522], 0x0000068B,
savedTimeEvents[523], 0x0000914D,
savedTimeEvents[524], 0x00001111,
savedTimeEvents[525], 0x00000640,
savedTimeEvents[526], 0x0000942B,
savedTimeEvents[527], 0x00002222,
savedTimeEvents[528], 0x00000627,
savedTimeEvents[529], 0x00009C66,
savedTimeEvents[530], 0x00001111,
savedTimeEvents[531], 0x000005DC,
savedTimeEvents[532], 0x00009F2E,
savedTimeEvents[533], 0x00002222,
savedTimeEvents[534], 0x000005C3,
savedTimeEvents[535], 0x0000A6B4,
savedTimeEvents[536], 0x00001111,
savedTimeEvents[537], 0x000005AA,
savedTimeEvents[538], 0x0000A930,
savedTimeEvents[539], 0x00002222,
savedTimeEvents[540], 0x000005AA,
savedTimeEvents[541], 0x0000B0A3,
savedTimeEvents[542], 0x00001111,
savedTimeEvents[543], 0x000005AA,
savedTimeEvents[544], 0x0000B31F,
savedTimeEvents[545], 0x00002222,
savedTimeEvents[546], 0x000005AA,
savedTimeEvents[547], 0x0000BAC7,
savedTimeEvents[548], 0x00001111,
savedTimeEvents[549], 0x00000591,
savedTimeEvents[550], 0x0000BD51,
savedTimeEvents[551], 0x00002222,
savedTimeEvents[552], 0x00000578,
savedTimeEvents[553], 0x0000C4C4,
savedTimeEvents[554], 0x00001111,
savedTimeEvents[555], 0x0000052D,
savedTimeEvents[556], 0x0000C709,
savedTimeEvents[557], 0x00002222,
savedTimeEvents[558], 0x0000052D,
savedTimeEvents[559], 0x0000CDD8,
savedTimeEvents[560], 0x00001111,
savedTimeEvents[561], 0x0000052D,
savedTimeEvents[562], 0x0000D01D,
savedTimeEvents[563], 0x00002222,
savedTimeEvents[564], 0x0000052D,
savedTimeEvents[565], 0x0000D731,
savedTimeEvents[566], 0x00001111,
savedTimeEvents[567], 0x000004FB,
savedTimeEvents[568], 0x0000D96D,
savedTimeEvents[569], 0x00002222,
savedTimeEvents[570], 0x000004E2,
savedTimeEvents[571], 0x0000E02A,
savedTimeEvents[572], 0x00001111,
savedTimeEvents[573], 0x000004B0,
savedTimeEvents[574], 0x0000E250,
savedTimeEvents[575], 0x00002222,
savedTimeEvents[576], 0x00000497,
savedTimeEvents[577], 0x0000E85A,
savedTimeEvents[578], 0x00001111,
savedTimeEvents[579], 0x00000497,
savedTimeEvents[580], 0x0000EA5E,
savedTimeEvents[581], 0x00002222,
savedTimeEvents[582], 0x00000497,
savedTimeEvents[583], 0x0000F068,
savedTimeEvents[584], 0x00001111,
savedTimeEvents[585], 0x00000497,
savedTimeEvents[586], 0x0000F26C,
savedTimeEvents[587], 0x00002222,
savedTimeEvents[588], 0x00000497,
savedTimeEvents[589], 0x0000F8C2,
savedTimeEvents[590], 0x00001111,
savedTimeEvents[591], 0x00000465,
savedTimeEvents[592], 0x0000FAB0,
savedTimeEvents[593], 0x00002222,
savedTimeEvents[594], 0x00000465,
savedTimeEvents[595], 0x00000079,
savedTimeEvents[596], 0x00001111,
savedTimeEvents[597], 0x00000465,
savedTimeEvents[598], 0x00000266,
savedTimeEvents[599], 0x00002222,
savedTimeEvents[600], 0x00000465,
savedTimeEvents[601], 0x00000000,
savedTimeEvents[602], 0x00000000,
savedTimeEvents[603], 0x00000000,
savedTimeEvents[604], 0x00000000,
savedTimeEvents[605], 0x00000000,
savedTimeEvents[606], 0x00000000,
savedTimeEvents[607], 0x00000000,
savedTimeEvents[608], 0x00000000,
savedTimeEvents[609], 0x00000000,
savedTimeEvents[610], 0x00000000,
savedTimeEvents[611], 0x00000000,
savedTimeEvents[612], 0x00000000,
savedTimeEvents[613], 0x00000000,
savedTimeEvents[614], 0x00000000,
savedTimeEvents[615], 0x00000000,
savedTimeEvents[616], 0x00000000,
savedTimeEvents[617], 0x00000000,
savedTimeEvents[618], 0x00000000,
savedTimeEvents[619], 0x00000000,
savedTimeEvents[620], 0x00000000,
savedTimeEvents[621], 0x00000000,
savedTimeEvents[622], 0x00000000,
savedTimeEvents[623], 0x00000000,
savedTimeEvents[624], 0x00000000,
savedTimeEvents[625], 0x00000000,
savedTimeEvents[626], 0x00000000,
savedTimeEvents[627], 0x00000000,
savedTimeEvents[628], 0x00000000,
savedTimeEvents[629], 0x00000000,
savedTimeEvents[630], 0x00000000,
savedTimeEvents[631], 0x00000000,
savedTimeEvents[632], 0x00000000,
savedTimeEvents[633], 0x00000000,
savedTimeEvents[634], 0x00000000,
savedTimeEvents[635], 0x00000000,
savedTimeEvents[636], 0x00000000,
savedTimeEvents[637], 0x00000000,
savedTimeEvents[638], 0x00000000,
savedTimeEvents[639], 0x00000000,
savedTimeEvents[640], 0x00000000,
savedTimeEvents[641], 0x00000000,
savedTimeEvents[642], 0x00000000,
savedTimeEvents[643], 0x00000000,
savedTimeEvents[644], 0x00000000,
savedTimeEvents[645], 0x00000000,
savedTimeEvents[646], 0x00000000,
savedTimeEvents[647], 0x00000000,
savedTimeEvents[648], 0x00000000,
savedTimeEvents[649], 0x00000000,
savedTimeEvents[650], 0x00000000,
savedTimeEvents[651], 0x00000000,
savedTimeEvents[652], 0x00000000,
savedTimeEvents[653], 0x00000000,
savedTimeEvents[654], 0x00000000,
savedTimeEvents[655], 0x00000000,
savedTimeEvents[656], 0x00000000,
savedTimeEvents[657], 0x00000000,
savedTimeEvents[658], 0x00000000,
savedTimeEvents[659], 0x00000000,
savedTimeEvents[660], 0x00000000,
savedTimeEvents[661], 0x00000000,
savedTimeEvents[662], 0x00000000,
savedTimeEvents[663], 0x00000000,
savedTimeEvents[664], 0x00000000,
savedTimeEvents[665], 0x00000000,
savedTimeEvents[666], 0x00000000,
savedTimeEvents[667], 0x00000000,
savedTimeEvents[668], 0x00000000,
savedTimeEvents[669], 0x00000000,
savedTimeEvents[670], 0x00000000,
savedTimeEvents[671], 0x00000000,
savedTimeEvents[672], 0x00000000,
savedTimeEvents[673], 0x00000000,
savedTimeEvents[674], 0x00000000,
savedTimeEvents[675], 0x00000000,
savedTimeEvents[676], 0x00000000,
savedTimeEvents[677], 0x00000000,
savedTimeEvents[678], 0x00000000,
savedTimeEvents[679], 0x00000000,
savedTimeEvents[680], 0x00000000,
savedTimeEvents[681], 0x00000000,
savedTimeEvents[682], 0x00000000,
savedTimeEvents[683], 0x00000000,
savedTimeEvents[684], 0x00000000,
savedTimeEvents[685], 0x00000000,
savedTimeEvents[686], 0x00000000,
savedTimeEvents[687], 0x00000000,
savedTimeEvents[688], 0x00000000,
savedTimeEvents[689], 0x00000000,
savedTimeEvents[690], 0x00000000,
savedTimeEvents[691], 0x00000000,
savedTimeEvents[692], 0x00000000,
savedTimeEvents[693], 0x00000000,
savedTimeEvents[694], 0x00000000,
savedTimeEvents[695], 0x00000000,
savedTimeEvents[696], 0x00000000,
savedTimeEvents[697], 0x00000000,
savedTimeEvents[698], 0x00000000,
savedTimeEvents[699], 0x00000000,
savedTimeEvents[700], 0x00000000,
savedTimeEvents[701], 0x00000000,
savedTimeEvents[702], 0x00000000,
savedTimeEvents[703], 0x00000000,
savedTimeEvents[704], 0x00000000,
savedTimeEvents[705], 0x00000000,
savedTimeEvents[706], 0x00000000,
savedTimeEvents[707], 0x00000000,
savedTimeEvents[708], 0x00000000,
savedTimeEvents[709], 0x00000000,
savedTimeEvents[710], 0x00000000,
savedTimeEvents[711], 0x00000000,
savedTimeEvents[712], 0x00000000,
savedTimeEvents[713], 0x00000000,
savedTimeEvents[714], 0x00000000,
savedTimeEvents[715], 0x00000000,
savedTimeEvents[716], 0x00000000,
savedTimeEvents[717], 0x00000000,
savedTimeEvents[718], 0x00000000,
savedTimeEvents[719], 0x00000000,
savedTimeEvents[720], 0x00000000,
savedTimeEvents[721], 0x00000000,
savedTimeEvents[722], 0x00000000,
savedTimeEvents[723], 0x00000000,
savedTimeEvents[724], 0x00000000,
savedTimeEvents[725], 0x00000000,
savedTimeEvents[726], 0x00000000,
savedTimeEvents[727], 0x00000000,
savedTimeEvents[728], 0x00000000,
savedTimeEvents[729], 0x00000000,
savedTimeEvents[730], 0x00000000,
savedTimeEvents[731], 0x00000000,
savedTimeEvents[732], 0x00000000,
savedTimeEvents[733], 0x00000000,
savedTimeEvents[734], 0x00000000,
savedTimeEvents[735], 0x00000000,
savedTimeEvents[736], 0x00000000,
savedTimeEvents[737], 0x00000000,
savedTimeEvents[738], 0x00000000,
savedTimeEvents[739], 0x00000000,
savedTimeEvents[740], 0x00000000,
savedTimeEvents[741], 0x00000000,
savedTimeEvents[742], 0x00000000,
savedTimeEvents[743], 0x00000000,
savedTimeEvents[744], 0x00000000,
savedTimeEvents[745], 0x00000000,
savedTimeEvents[746], 0x00000000,
savedTimeEvents[747], 0x00000000,
savedTimeEvents[748], 0x00000000,
savedTimeEvents[749], 0x00000000,
savedTimeEvents[750], 0x00000000,
savedTimeEvents[751], 0x00000000,
savedTimeEvents[752], 0x00000000,
savedTimeEvents[753], 0x00000000,
savedTimeEvents[754], 0x00000000,
savedTimeEvents[755], 0x00000000,
savedTimeEvents[756], 0x00000000,
savedTimeEvents[757], 0x00000000,
savedTimeEvents[758], 0x00000000,
savedTimeEvents[759], 0x00000000,
savedTimeEvents[760], 0x00000000,
savedTimeEvents[761], 0x00000000,
savedTimeEvents[762], 0x00000000,
savedTimeEvents[763], 0x00000000,
savedTimeEvents[764], 0x00000000,
savedTimeEvents[765], 0x00000000,
savedTimeEvents[766], 0x00000000,
savedTimeEvents[767], 0x00000000,
savedTimeEvents[768], 0x00000000,
savedTimeEvents[769], 0x00000000,
savedTimeEvents[770], 0x00000000,
savedTimeEvents[771], 0x00000000,
savedTimeEvents[772], 0x00000000,
savedTimeEvents[773], 0x00000000,
savedTimeEvents[774], 0x00000000,
savedTimeEvents[775], 0x00000000,
savedTimeEvents[776], 0x00000000,
savedTimeEvents[777], 0x00000000,
savedTimeEvents[778], 0x00000000,
savedTimeEvents[779], 0x00000000,
savedTimeEvents[780], 0x00000000,
savedTimeEvents[781], 0x00000000,
savedTimeEvents[782], 0x00000000,
savedTimeEvents[783], 0x00000000,
savedTimeEvents[784], 0x00000000,
savedTimeEvents[785], 0x00000000,
savedTimeEvents[786], 0x00000000,
savedTimeEvents[787], 0x00000000,
savedTimeEvents[788], 0x00000000,
savedTimeEvents[789], 0x00000000,
savedTimeEvents[790], 0x00000000,
savedTimeEvents[791], 0x00000000,
savedTimeEvents[792], 0x00000000,
savedTimeEvents[793], 0x00000000,
savedTimeEvents[794], 0x00000000,
savedTimeEvents[795], 0x00000000,
savedTimeEvents[796], 0x00000000,
savedTimeEvents[797], 0x00000000,
savedTimeEvents[798], 0x00000000,
savedTimeEvents[799], 0x00000000,
savedTimeEvents[800], 0x00000000,
savedTimeEvents[801], 0x00000000,
savedTimeEvents[802], 0x00000000,
savedTimeEvents[803], 0x00000000,
savedTimeEvents[804], 0x00000000,
savedTimeEvents[805], 0x00000000,
savedTimeEvents[806], 0x00000000,
savedTimeEvents[807], 0x00000000,
savedTimeEvents[808], 0x00000000,
savedTimeEvents[809], 0x00000000,
savedTimeEvents[810], 0x00000000,
savedTimeEvents[811], 0x00000000,
savedTimeEvents[812], 0x00000000,
savedTimeEvents[813], 0x00000000,
savedTimeEvents[814], 0x00000000,
savedTimeEvents[815], 0x00000000,
savedTimeEvents[816], 0x00000000,
savedTimeEvents[817], 0x00000000,
savedTimeEvents[818], 0x00000000,
savedTimeEvents[819], 0x00000000,
savedTimeEvents[820], 0x00000000,
savedTimeEvents[821], 0x00000000,
savedTimeEvents[822], 0x00000000,
savedTimeEvents[823], 0x00000000,
savedTimeEvents[824], 0x00000000,
savedTimeEvents[825], 0x00000000,
savedTimeEvents[826], 0x00000000,
savedTimeEvents[827], 0x00000000,
savedTimeEvents[828], 0x00000000,
savedTimeEvents[829], 0x00000000,
savedTimeEvents[830], 0x00000000,
savedTimeEvents[831], 0x00000000,
savedTimeEvents[832], 0x00000000,
savedTimeEvents[833], 0x00000000,
savedTimeEvents[834], 0x00000000,
savedTimeEvents[835], 0x00000000,
savedTimeEvents[836], 0x00000000,
savedTimeEvents[837], 0x00000000,
savedTimeEvents[838], 0x00000000,
savedTimeEvents[839], 0x00000000,
savedTimeEvents[840], 0x00000000,
savedTimeEvents[841], 0x00000000,
savedTimeEvents[842], 0x00000000,
savedTimeEvents[843], 0x00000000,
savedTimeEvents[844], 0x00000000,
savedTimeEvents[845], 0x00000000,
savedTimeEvents[846], 0x00000000,
savedTimeEvents[847], 0x00000000,
savedTimeEvents[848], 0x00000000,
savedTimeEvents[849], 0x00000000,
savedTimeEvents[850], 0x00000000,
savedTimeEvents[851], 0x00000000,
savedTimeEvents[852], 0x00000000,
savedTimeEvents[853], 0x00000000,
savedTimeEvents[854], 0x00000000,
savedTimeEvents[855], 0x00000000,
savedTimeEvents[856], 0x00000000,
savedTimeEvents[857], 0x00000000,
savedTimeEvents[858], 0x00000000,
savedTimeEvents[859], 0x00000000,
savedTimeEvents[860], 0x00000000,
savedTimeEvents[861], 0x00000000,
savedTimeEvents[862], 0x00000000,
savedTimeEvents[863], 0x00000000,
savedTimeEvents[864], 0x00000000,
savedTimeEvents[865], 0x00000000,
savedTimeEvents[866], 0x00000000,
savedTimeEvents[867], 0x00000000,
savedTimeEvents[868], 0x00000000,
savedTimeEvents[869], 0x00000000,
savedTimeEvents[870], 0x00000000,
savedTimeEvents[871], 0x00000000,
savedTimeEvents[872], 0x00000000,
savedTimeEvents[873], 0x00000000,
savedTimeEvents[874], 0x00000000,
savedTimeEvents[875], 0x00000000,
savedTimeEvents[876], 0x00000000,
savedTimeEvents[877], 0x00000000,
savedTimeEvents[878], 0x00000000,
savedTimeEvents[879], 0x00000000,
savedTimeEvents[880], 0x00000000,
savedTimeEvents[881], 0x00000000,
savedTimeEvents[882], 0x00000000,
savedTimeEvents[883], 0x00000000,
savedTimeEvents[884], 0x00000000,
savedTimeEvents[885], 0x00000000,
savedTimeEvents[886], 0x00000000,
savedTimeEvents[887], 0x00000000,
savedTimeEvents[888], 0x00000000,
savedTimeEvents[889], 0x00000000,
savedTimeEvents[890], 0x00000000,
savedTimeEvents[891], 0x00000000,
savedTimeEvents[892], 0x00000000,
savedTimeEvents[893], 0x00000000,
savedTimeEvents[894], 0x00000000,
savedTimeEvents[895], 0x00000000,
savedTimeEvents[896], 0x00000000,
savedTimeEvents[897], 0x00000000,
savedTimeEvents[898], 0x00000000,
savedTimeEvents[899], 0x00000000,
savedTimeEvents[900], 0x00000000,
savedTimeEvents[901], 0x00000000,
savedTimeEvents[902], 0x00000000,
savedTimeEvents[903], 0x00000000,
savedTimeEvents[904], 0x00000000,
savedTimeEvents[905], 0x00000000,
savedTimeEvents[906], 0x00000000,
savedTimeEvents[907], 0x00000000,
savedTimeEvents[908], 0x00000000,
savedTimeEvents[909], 0x00000000,
savedTimeEvents[910], 0x00000000,
savedTimeEvents[911], 0x00000000,
savedTimeEvents[912], 0x00000000,
savedTimeEvents[913], 0x00000000,
savedTimeEvents[914], 0x00000000,
savedTimeEvents[915], 0x00000000,
savedTimeEvents[916], 0x00000000,
savedTimeEvents[917], 0x00000000,
savedTimeEvents[918], 0x00000000,
savedTimeEvents[919], 0x00000000,
savedTimeEvents[920], 0x00000000,
savedTimeEvents[921], 0x00000000,
savedTimeEvents[922], 0x00000000,
savedTimeEvents[923], 0x00000000,
savedTimeEvents[924], 0x00000000,
savedTimeEvents[925], 0x00000000,
savedTimeEvents[926], 0x00000000,
savedTimeEvents[927], 0x00000000,
savedTimeEvents[928], 0x00000000,
savedTimeEvents[929], 0x00000000,
savedTimeEvents[930], 0x00000000,
savedTimeEvents[931], 0x00000000,
savedTimeEvents[932], 0x00000000,
savedTimeEvents[933], 0x00000000,
savedTimeEvents[934], 0x00000000,
savedTimeEvents[935], 0x00000000,
savedTimeEvents[936], 0x00000000,
savedTimeEvents[937], 0x00000000,
savedTimeEvents[938], 0x00000000,
savedTimeEvents[939], 0x00000000,
savedTimeEvents[940], 0x00000000,
savedTimeEvents[941], 0x00000000,
savedTimeEvents[942], 0x00000000,
savedTimeEvents[943], 0x00000000,
savedTimeEvents[944], 0x00000000,
savedTimeEvents[945], 0x00000000,
savedTimeEvents[946], 0x00000000,
savedTimeEvents[947], 0x00000000,
savedTimeEvents[948], 0x00000000,
savedTimeEvents[949], 0x00000000,
savedTimeEvents[950], 0x00000000,
savedTimeEvents[951], 0x00000000,
savedTimeEvents[952], 0x00000000,
savedTimeEvents[953], 0x00000000,
savedTimeEvents[954], 0x00000000,
savedTimeEvents[955], 0x00000000,
savedTimeEvents[956], 0x00000000,
savedTimeEvents[957], 0x00000000,
savedTimeEvents[958], 0x00000000,
savedTimeEvents[959], 0x00000000,
savedTimeEvents[960], 0x00000000,
savedTimeEvents[961], 0x00000000,
savedTimeEvents[962], 0x00000000,
savedTimeEvents[963], 0x00000000,
savedTimeEvents[964], 0x00000000,
savedTimeEvents[965], 0x00000000,
savedTimeEvents[966], 0x00000000,
savedTimeEvents[967], 0x00000000,
savedTimeEvents[968], 0x00000000,
savedTimeEvents[969], 0x00000000,
savedTimeEvents[970], 0x00000000,
savedTimeEvents[971], 0x00000000,
savedTimeEvents[972], 0x00000000,
savedTimeEvents[973], 0x00000000,
savedTimeEvents[974], 0x00000000,
savedTimeEvents[975], 0x00000000,
savedTimeEvents[976], 0x00000000,
savedTimeEvents[977], 0x00000000,
savedTimeEvents[978], 0x00000000,
savedTimeEvents[979], 0x00000000,
savedTimeEvents[980], 0x00000000,
savedTimeEvents[981], 0x00000000,
savedTimeEvents[982], 0x00000000,
savedTimeEvents[983], 0x00000000,
savedTimeEvents[984], 0x00000000,
savedTimeEvents[985], 0x00000000,
savedTimeEvents[986], 0x00000000,
savedTimeEvents[987], 0x00000000,
savedTimeEvents[988], 0x00000000,
savedTimeEvents[989], 0x00000000,
savedTimeEvents[990], 0x00000000,
savedTimeEvents[991], 0x00000000,
savedTimeEvents[992], 0x00000000,
savedTimeEvents[993], 0x00000000,
savedTimeEvents[994], 0x00000000,
savedTimeEvents[995], 0x00000000,
savedTimeEvents[996], 0x00000000,
savedTimeEvents[997], 0x00000000,
savedTimeEvents[998], 0x00000000,
savedTimeEvents[999], 0x00000000,
savedTimeEvents[1000], 0x00000000,
savedTimeEvents[1001], 0x00000000,
savedTimeEvents[1002], 0x00000000,
savedTimeEvents[1003], 0x00000000,
savedTimeEvents[1004], 0x00000000,
savedTimeEvents[1005], 0x00000000,
savedTimeEvents[1006], 0x00000000,
savedTimeEvents[1007], 0x00000000,
savedTimeEvents[1008], 0x00000000,
savedTimeEvents[1009], 0x00000000,
savedTimeEvents[1010], 0x00000000,
savedTimeEvents[1011], 0x00000000,
savedTimeEvents[1012], 0x00000000,
savedTimeEvents[1013], 0x00000000,
savedTimeEvents[1014], 0x00000000,
savedTimeEvents[1015], 0x00000000,
savedTimeEvents[1016], 0x00000000,
savedTimeEvents[1017], 0x00000000,
savedTimeEvents[1018], 0x00000000,
savedTimeEvents[1019], 0x00000000,
savedTimeEvents[1020], 0x00000000,
savedTimeEvents[1021], 0x00000000,
savedTimeEvents[1022], 0x00000000,
savedTimeEvents[1023], 0x00000000,
