savedTimeEvents[0], 0x00000002,
savedTimeEvents[1], 0x0000DEAD,
savedTimeEvents[2], 0x00000000,
savedTimeEvents[3], 0x000003E8,
savedTimeEvents[4], 0x000006DC,
savedTimeEvents[5], 0x0000BEEF,
savedTimeEvents[6], 0x000006DD,
savedTimeEvents[7], 0x0000DEAD,
savedTimeEvents[8], 0x00000001,
savedTimeEvents[9], 0x000003E8,
savedTimeEvents[10], 0x00000DB8,
savedTimeEvents[11], 0x0000BEEF,
savedTimeEvents[12], 0x00000DB8,
savedTimeEvents[13], 0x0000DEAD,
savedTimeEvents[14], 0x00000002,
savedTimeEvents[15], 0x000003E8,
savedTimeEvents[16], 0x00001493,
savedTimeEvents[17], 0x0000BEEF,
savedTimeEvents[18], 0x00001494,
savedTimeEvents[19], 0x0000DEAD,
savedTimeEvents[20], 0x00000003,
savedTimeEvents[21], 0x000003E8,
savedTimeEvents[22], 0x00001B6F,
savedTimeEvents[23], 0x0000BEEF,
savedTimeEvents[24], 0x00001B6F,
savedTimeEvents[25], 0x0000DEAD,
savedTimeEvents[26], 0x00000004,
savedTimeEvents[27], 0x000003E8,
savedTimeEvents[28], 0x0000224A,
savedTimeEvents[29], 0x0000BEEF,
savedTimeEvents[30], 0x0000224B,
savedTimeEvents[31], 0x0000DEAD,
savedTimeEvents[32], 0x00000005,
savedTimeEvents[33], 0x000003E8,
savedTimeEvents[34], 0x00002926,
savedTimeEvents[35], 0x0000BEEF,
savedTimeEvents[36], 0x00002926,
savedTimeEvents[37], 0x0000DEAD,
savedTimeEvents[38], 0x00000006,
savedTimeEvents[39], 0x000003E8,
savedTimeEvents[40], 0x00003001,
savedTimeEvents[41], 0x0000BEEF,
savedTimeEvents[42], 0x00003002,
savedTimeEvents[43], 0x0000DEAD,
savedTimeEvents[44], 0x00000007,
savedTimeEvents[45], 0x000003E8,
savedTimeEvents[46], 0x000036DD,
savedTimeEvents[47], 0x0000BEEF,
savedTimeEvents[48], 0x000036DD,
savedTimeEvents[49], 0x0000DEAD,
savedTimeEvents[50], 0x00000008,
savedTimeEvents[51], 0x000003E8,
savedTimeEvents[52], 0x00003DB8,
savedTimeEvents[53], 0x0000BEEF,
savedTimeEvents[54], 0x00003DB9,
savedTimeEvents[55], 0x0000DEAD,
savedTimeEvents[56], 0x00000009,
savedTimeEvents[57], 0x000003E8,
savedTimeEvents[58], 0x00004494,
savedTimeEvents[59], 0x0000BEEF,
savedTimeEvents[60], 0x00004494,
savedTimeEvents[61], 0x0000DEAD,
savedTimeEvents[62], 0x0000000A,
savedTimeEvents[63], 0x000003E8,
savedTimeEvents[64], 0x00004B6F,
savedTimeEvents[65], 0x0000BEEF,
savedTimeEvents[66], 0x00004B70,
savedTimeEvents[67], 0x0000DEAD,
savedTimeEvents[68], 0x0000000B,
savedTimeEvents[69], 0x000003E8,
savedTimeEvents[70], 0x0000524A,
savedTimeEvents[71], 0x0000BEEF,
savedTimeEvents[72], 0x0000524B,
savedTimeEvents[73], 0x0000DEAD,
savedTimeEvents[74], 0x0000000C,
savedTimeEvents[75], 0x000003E8,
savedTimeEvents[76], 0x00005926,
savedTimeEvents[77], 0x0000BEEF,
savedTimeEvents[78], 0x00005927,
savedTimeEvents[79], 0x0000DEAD,
savedTimeEvents[80], 0x0000000D,
savedTimeEvents[81], 0x000003E8,
savedTimeEvents[82], 0x00006001,
savedTimeEvents[83], 0x0000BEEF,
savedTimeEvents[84], 0x00006002,
savedTimeEvents[85], 0x0000DEAD,
savedTimeEvents[86], 0x0000000E,
savedTimeEvents[87], 0x000003E8,
savedTimeEvents[88], 0x000066DD,
savedTimeEvents[89], 0x0000BEEF,
savedTimeEvents[90], 0x000066DE,
savedTimeEvents[91], 0x0000DEAD,
savedTimeEvents[92], 0x0000000F,
savedTimeEvents[93], 0x000003E8,
savedTimeEvents[94], 0x00006DB8,
savedTimeEvents[95], 0x0000BEEF,
savedTimeEvents[96], 0x00006DB9,
savedTimeEvents[97], 0x0000DEAD,
savedTimeEvents[98], 0x00000010,
savedTimeEvents[99], 0x000003E8,
savedTimeEvents[100], 0x00007494,
savedTimeEvents[101], 0x0000BEEF,
savedTimeEvents[102], 0x00007494,
savedTimeEvents[103], 0x0000DEAD,
savedTimeEvents[104], 0x00000011,
savedTimeEvents[105], 0x000003E8,
savedTimeEvents[106], 0x00007B6F,
savedTimeEvents[107], 0x0000BEEF,
savedTimeEvents[108], 0x00007B70,
savedTimeEvents[109], 0x0000DEAD,
savedTimeEvents[110], 0x00000012,
savedTimeEvents[111], 0x000003E8,
savedTimeEvents[112], 0x0000824B,
savedTimeEvents[113], 0x0000BEEF,
savedTimeEvents[114], 0x0000824B,
savedTimeEvents[115], 0x0000DEAD,
savedTimeEvents[116], 0x00000013,
savedTimeEvents[117], 0x000003E8,
savedTimeEvents[118], 0x00008926,
savedTimeEvents[119], 0x0000BEEF,
savedTimeEvents[120], 0x00008927,
savedTimeEvents[121], 0x0000DEAD,
savedTimeEvents[122], 0x00000014,
savedTimeEvents[123], 0x000003E8,
savedTimeEvents[124], 0x00009002,
savedTimeEvents[125], 0x0000BEEF,
savedTimeEvents[126], 0x00009002,
savedTimeEvents[127], 0x0000DEAD,
savedTimeEvents[128], 0x00000015,
savedTimeEvents[129], 0x000003E8,
savedTimeEvents[130], 0x000096DD,
savedTimeEvents[131], 0x0000BEEF,
savedTimeEvents[132], 0x000096DE,
savedTimeEvents[133], 0x0000DEAD,
savedTimeEvents[134], 0x00000016,
savedTimeEvents[135], 0x000003E8,
savedTimeEvents[136], 0x00009DB9,
savedTimeEvents[137], 0x0000BEEF,
savedTimeEvents[138], 0x00009DB9,
savedTimeEvents[139], 0x0000DEAD,
savedTimeEvents[140], 0x00000017,
savedTimeEvents[141], 0x000003E8,
savedTimeEvents[142], 0x0000A494,
savedTimeEvents[143], 0x0000BEEF,
savedTimeEvents[144], 0x0000A495,
savedTimeEvents[145], 0x0000DEAD,
savedTimeEvents[146], 0x00000018,
savedTimeEvents[147], 0x000003E8,
savedTimeEvents[148], 0x0000AB70,
savedTimeEvents[149], 0x0000BEEF,
savedTimeEvents[150], 0x0000AB70,
savedTimeEvents[151], 0x0000DEAD,
savedTimeEvents[152], 0x00000019,
savedTimeEvents[153], 0x000003E8,
savedTimeEvents[154], 0x0000B24B,
savedTimeEvents[155], 0x0000BEEF,
savedTimeEvents[156], 0x0000B24C,
savedTimeEvents[157], 0x0000DEAD,
savedTimeEvents[158], 0x0000001A,
savedTimeEvents[159], 0x000003E8,
savedTimeEvents[160], 0x0000B927,
savedTimeEvents[161], 0x0000BEEF,
savedTimeEvents[162], 0x0000B927,
savedTimeEvents[163], 0x0000DEAD,
savedTimeEvents[164], 0x0000001B,
savedTimeEvents[165], 0x000003E8,
savedTimeEvents[166], 0x0000C002,
savedTimeEvents[167], 0x0000BEEF,
savedTimeEvents[168], 0x0000C003,
savedTimeEvents[169], 0x0000DEAD,
savedTimeEvents[170], 0x0000001C,
savedTimeEvents[171], 0x000003E8,
savedTimeEvents[172], 0x0000C6DD,
savedTimeEvents[173], 0x0000BEEF,
savedTimeEvents[174], 0x0000C6DE,
savedTimeEvents[175], 0x0000DEAD,
savedTimeEvents[176], 0x0000001D,
savedTimeEvents[177], 0x000003E8,
savedTimeEvents[178], 0x0000CDB9,
savedTimeEvents[179], 0x0000BEEF,
savedTimeEvents[180], 0x0000CDBA,
savedTimeEvents[181], 0x0000DEAD,
savedTimeEvents[182], 0x0000001E,
savedTimeEvents[183], 0x000003E8,
savedTimeEvents[184], 0x0000D494,
savedTimeEvents[185], 0x0000BEEF,
savedTimeEvents[186], 0x0000D495,
savedTimeEvents[187], 0x0000DEAD,
savedTimeEvents[188], 0x0000001F,
savedTimeEvents[189], 0x000003E8,
savedTimeEvents[190], 0x0000DB70,
savedTimeEvents[191], 0x0000BEEF,
savedTimeEvents[192], 0x0000DB71,
savedTimeEvents[193], 0x0000DEAD,
savedTimeEvents[194], 0x00000020,
savedTimeEvents[195], 0x000003E8,
savedTimeEvents[196], 0x0000E24B,
savedTimeEvents[197], 0x0000BEEF,
savedTimeEvents[198], 0x0000E24C,
savedTimeEvents[199], 0x0000DEAD,
savedTimeEvents[200], 0x00000021,
savedTimeEvents[201], 0x000003E8,
savedTimeEvents[202], 0x0000E927,
savedTimeEvents[203], 0x0000BEEF,
savedTimeEvents[204], 0x0000E927,
savedTimeEvents[205], 0x0000DEAD,
savedTimeEvents[206], 0x00000022,
savedTimeEvents[207], 0x000003E8,
savedTimeEvents[208], 0x0000F002,
savedTimeEvents[209], 0x0000BEEF,
savedTimeEvents[210], 0x0000F003,
savedTimeEvents[211], 0x0000DEAD,
savedTimeEvents[212], 0x00000023,
savedTimeEvents[213], 0x000003E8,
savedTimeEvents[214], 0x0000F6DE,
savedTimeEvents[215], 0x0000BEEF,
savedTimeEvents[216], 0x0000F6DE,
savedTimeEvents[217], 0x0000DEAD,
savedTimeEvents[218], 0x00000024,
savedTimeEvents[219], 0x000003E8,
savedTimeEvents[220], 0x0000FDB9,
savedTimeEvents[221], 0x0000BEEF,
savedTimeEvents[222], 0x0000FDBA,
savedTimeEvents[223], 0x0000DEAD,
savedTimeEvents[224], 0x00000025,
savedTimeEvents[225], 0x000003E8,
savedTimeEvents[226], 0x00000495,
savedTimeEvents[227], 0x0000BEEF,
savedTimeEvents[228], 0x00000495,
savedTimeEvents[229], 0x0000DEAD,
savedTimeEvents[230], 0x00000026,
savedTimeEvents[231], 0x000003E8,
savedTimeEvents[232], 0x00000B70,
savedTimeEvents[233], 0x0000BEEF,
savedTimeEvents[234], 0x00000B71,
savedTimeEvents[235], 0x0000DEAD,
savedTimeEvents[236], 0x00000027,
savedTimeEvents[237], 0x000003E8,
savedTimeEvents[238], 0x0000124C,
savedTimeEvents[239], 0x0000BEEF,
savedTimeEvents[240], 0x0000124C,
savedTimeEvents[241], 0x0000DEAD,
savedTimeEvents[242], 0x00000028,
savedTimeEvents[243], 0x000003E8,
savedTimeEvents[244], 0x00001927,
savedTimeEvents[245], 0x0000BEEF,
savedTimeEvents[246], 0x00001928,
savedTimeEvents[247], 0x0000DEAD,
savedTimeEvents[248], 0x00000029,
savedTimeEvents[249], 0x000003E8,
savedTimeEvents[250], 0x00002003,
savedTimeEvents[251], 0x0000BEEF,
savedTimeEvents[252], 0x00002003,
savedTimeEvents[253], 0x0000DEAD,
savedTimeEvents[254], 0x0000002A,
savedTimeEvents[255], 0x000003E8,
savedTimeEvents[256], 0x000026DE,
savedTimeEvents[257], 0x0000BEEF,
savedTimeEvents[258], 0x000026DF,
savedTimeEvents[259], 0x0000DEAD,
savedTimeEvents[260], 0x0000002B,
savedTimeEvents[261], 0x000003E8,
savedTimeEvents[262], 0x00002DB9,
savedTimeEvents[263], 0x0000BEEF,
savedTimeEvents[264], 0x00002DBA,
savedTimeEvents[265], 0x0000DEAD,
savedTimeEvents[266], 0x0000002C,
savedTimeEvents[267], 0x000003E8,
savedTimeEvents[268], 0x00003495,
savedTimeEvents[269], 0x0000BEEF,
savedTimeEvents[270], 0x00003496,
savedTimeEvents[271], 0x0000DEAD,
savedTimeEvents[272], 0x0000002D,
savedTimeEvents[273], 0x000003E8,
savedTimeEvents[274], 0x00003B70,
savedTimeEvents[275], 0x0000BEEF,
savedTimeEvents[276], 0x00003B71,
savedTimeEvents[277], 0x0000DEAD,
savedTimeEvents[278], 0x0000002E,
savedTimeEvents[279], 0x000003E8,
savedTimeEvents[280], 0x0000424C,
savedTimeEvents[281], 0x0000BEEF,
savedTimeEvents[282], 0x0000424D,
savedTimeEvents[283], 0x0000DEAD,
savedTimeEvents[284], 0x0000002F,
savedTimeEvents[285], 0x000003E8,
savedTimeEvents[286], 0x00004927,
savedTimeEvents[287], 0x0000BEEF,
savedTimeEvents[288], 0x00004928,
savedTimeEvents[289], 0x0000DEAD,
savedTimeEvents[290], 0x00000030,
savedTimeEvents[291], 0x000003E8,
savedTimeEvents[292], 0x00005003,
savedTimeEvents[293], 0x0000BEEF,
savedTimeEvents[294], 0x00005003,
savedTimeEvents[295], 0x0000DEAD,
savedTimeEvents[296], 0x00000031,
savedTimeEvents[297], 0x000003E8,
savedTimeEvents[298], 0x000056DE,
savedTimeEvents[299], 0x0000BEEF,
savedTimeEvents[300], 0x000056DF,
savedTimeEvents[301], 0x0000DEAD,
savedTimeEvents[302], 0x00000032,
savedTimeEvents[303], 0x000003E8,
savedTimeEvents[304], 0x00005DBA,
savedTimeEvents[305], 0x0000BEEF,
savedTimeEvents[306], 0x00005DBA,
savedTimeEvents[307], 0x0000DEAD,
savedTimeEvents[308], 0x00000033,
savedTimeEvents[309], 0x000003E8,
savedTimeEvents[310], 0x00006495,
savedTimeEvents[311], 0x0000BEEF,
savedTimeEvents[312], 0x00006496,
savedTimeEvents[313], 0x0000DEAD,
savedTimeEvents[314], 0x00000034,
savedTimeEvents[315], 0x000003E8,
savedTimeEvents[316], 0x00006B71,
savedTimeEvents[317], 0x0000BEEF,
savedTimeEvents[318], 0x00006B71,
savedTimeEvents[319], 0x0000DEAD,
savedTimeEvents[320], 0x00000035,
savedTimeEvents[321], 0x000003E8,
savedTimeEvents[322], 0x0000724C,
savedTimeEvents[323], 0x0000BEEF,
savedTimeEvents[324], 0x0000724D,
savedTimeEvents[325], 0x0000DEAD,
savedTimeEvents[326], 0x00000036,
savedTimeEvents[327], 0x000003E8,
savedTimeEvents[328], 0x00007928,
savedTimeEvents[329], 0x0000BEEF,
savedTimeEvents[330], 0x00007928,
savedTimeEvents[331], 0x0000DEAD,
savedTimeEvents[332], 0x00000037,
savedTimeEvents[333], 0x000003E8,
savedTimeEvents[334], 0x00008003,
savedTimeEvents[335], 0x0000BEEF,
savedTimeEvents[336], 0x00008004,
savedTimeEvents[337], 0x0000DEAD,
savedTimeEvents[338], 0x00000038,
savedTimeEvents[339], 0x000003E8,
savedTimeEvents[340], 0x000086DF,
savedTimeEvents[341], 0x0000BEEF,
savedTimeEvents[342], 0x000086DF,
savedTimeEvents[343], 0x0000DEAD,
savedTimeEvents[344], 0x00000039,
savedTimeEvents[345], 0x000003E8,
savedTimeEvents[346], 0x00008DBA,
savedTimeEvents[347], 0x0000BEEF,
savedTimeEvents[348], 0x00008DBB,
savedTimeEvents[349], 0x0000DEAD,
savedTimeEvents[350], 0x0000003A,
savedTimeEvents[351], 0x000003E8,
savedTimeEvents[352], 0x00009496,
savedTimeEvents[353], 0x0000BEEF,
savedTimeEvents[354], 0x00009496,
savedTimeEvents[355], 0x0000DEAD,
savedTimeEvents[356], 0x0000003B,
savedTimeEvents[357], 0x000003E8,
savedTimeEvents[358], 0x00009B71,
savedTimeEvents[359], 0x0000BEEF,
savedTimeEvents[360], 0x00009B72,
savedTimeEvents[361], 0x0000DEAD,
savedTimeEvents[362], 0x0000003C,
savedTimeEvents[363], 0x000003E8,
savedTimeEvents[364], 0x0000A24C,
savedTimeEvents[365], 0x0000BEEF,
savedTimeEvents[366], 0x0000A24D,
savedTimeEvents[367], 0x0000DEAD,
savedTimeEvents[368], 0x0000003D,
savedTimeEvents[369], 0x000003E8,
savedTimeEvents[370], 0x0000A928,
savedTimeEvents[371], 0x0000BEEF,
savedTimeEvents[372], 0x0000A929,
savedTimeEvents[373], 0x0000DEAD,
savedTimeEvents[374], 0x0000003E,
savedTimeEvents[375], 0x000003E8,
savedTimeEvents[376], 0x0000B003,
savedTimeEvents[377], 0x0000BEEF,
savedTimeEvents[378], 0x0000B004,
savedTimeEvents[379], 0x0000DEAD,
savedTimeEvents[380], 0x0000003F,
savedTimeEvents[381], 0x000003E8,
savedTimeEvents[382], 0x0000B6DF,
savedTimeEvents[383], 0x0000BEEF,
savedTimeEvents[384], 0x0000B6E0,
savedTimeEvents[385], 0x0000DEAD,
savedTimeEvents[386], 0x00000040,
savedTimeEvents[387], 0x000003E8,
savedTimeEvents[388], 0x0000BDBA,
savedTimeEvents[389], 0x0000BEEF,
savedTimeEvents[390], 0x0000BDBB,
savedTimeEvents[391], 0x0000DEAD,
savedTimeEvents[392], 0x00000041,
savedTimeEvents[393], 0x000003E8,
savedTimeEvents[394], 0x0000C496,
savedTimeEvents[395], 0x0000BEEF,
savedTimeEvents[396], 0x0000C496,
savedTimeEvents[397], 0x0000DEAD,
savedTimeEvents[398], 0x00000042,
savedTimeEvents[399], 0x000003E8,
savedTimeEvents[400], 0x0000CB71,
savedTimeEvents[401], 0x0000BEEF,
savedTimeEvents[402], 0x0000CB72,
savedTimeEvents[403], 0x0000DEAD,
savedTimeEvents[404], 0x00000043,
savedTimeEvents[405], 0x000003E8,
savedTimeEvents[406], 0x0000D24D,
savedTimeEvents[407], 0x0000BEEF,
savedTimeEvents[408], 0x0000D24D,
savedTimeEvents[409], 0x0000DEAD,
savedTimeEvents[410], 0x00000044,
savedTimeEvents[411], 0x000003E8,
savedTimeEvents[412], 0x0000D928,
savedTimeEvents[413], 0x0000BEEF,
savedTimeEvents[414], 0x0000D929,
savedTimeEvents[415], 0x0000DEAD,
savedTimeEvents[416], 0x00000045,
savedTimeEvents[417], 0x000003E8,
savedTimeEvents[418], 0x0000E004,
savedTimeEvents[419], 0x0000BEEF,
savedTimeEvents[420], 0x0000E004,
savedTimeEvents[421], 0x0000DEAD,
savedTimeEvents[422], 0x00000046,
savedTimeEvents[423], 0x000003E8,
savedTimeEvents[424], 0x0000E6DF,
savedTimeEvents[425], 0x0000BEEF,
savedTimeEvents[426], 0x0000E6E0,
savedTimeEvents[427], 0x0000DEAD,
savedTimeEvents[428], 0x00000047,
savedTimeEvents[429], 0x000003E8,
savedTimeEvents[430], 0x0000EDBB,
savedTimeEvents[431], 0x0000BEEF,
savedTimeEvents[432], 0x0000EDBB,
savedTimeEvents[433], 0x0000DEAD,
savedTimeEvents[434], 0x00000048,
savedTimeEvents[435], 0x000003E8,
savedTimeEvents[436], 0x0000F496,
savedTimeEvents[437], 0x0000BEEF,
savedTimeEvents[438], 0x0000F497,
savedTimeEvents[439], 0x0000DEAD,
savedTimeEvents[440], 0x00000049,
savedTimeEvents[441], 0x000003E8,
savedTimeEvents[442], 0x0000FB72,
savedTimeEvents[443], 0x0000BEEF,
savedTimeEvents[444], 0x0000FB72,
savedTimeEvents[445], 0x0000DEAD,
savedTimeEvents[446], 0x0000004A,
savedTimeEvents[447], 0x000003E8,
savedTimeEvents[448], 0x0000024D,
savedTimeEvents[449], 0x0000BEEF,
savedTimeEvents[450], 0x0000024E,
savedTimeEvents[451], 0x0000DEAD,
savedTimeEvents[452], 0x0000004B,
savedTimeEvents[453], 0x000003E8,
savedTimeEvents[454], 0x00000928,
savedTimeEvents[455], 0x0000BEEF,
savedTimeEvents[456], 0x00000929,
savedTimeEvents[457], 0x0000DEAD,
savedTimeEvents[458], 0x0000004C,
savedTimeEvents[459], 0x000003E8,
savedTimeEvents[460], 0x00001004,
savedTimeEvents[461], 0x0000BEEF,
savedTimeEvents[462], 0x00001005,
savedTimeEvents[463], 0x0000DEAD,
savedTimeEvents[464], 0x0000004D,
savedTimeEvents[465], 0x000003E8,
savedTimeEvents[466], 0x000016DF,
savedTimeEvents[467], 0x0000BEEF,
savedTimeEvents[468], 0x000016E0,
savedTimeEvents[469], 0x0000DEAD,
savedTimeEvents[470], 0x0000004E,
savedTimeEvents[471], 0x000003E8,
savedTimeEvents[472], 0x00001DBB,
savedTimeEvents[473], 0x0000BEEF,
savedTimeEvents[474], 0x00001DBC,
savedTimeEvents[475], 0x0000DEAD,
savedTimeEvents[476], 0x0000004F,
savedTimeEvents[477], 0x000003E8,
savedTimeEvents[478], 0x00002496,
savedTimeEvents[479], 0x0000BEEF,
savedTimeEvents[480], 0x00002497,
savedTimeEvents[481], 0x0000DEAD,
savedTimeEvents[482], 0x00000050,
savedTimeEvents[483], 0x000003E8,
savedTimeEvents[484], 0x00002B72,
savedTimeEvents[485], 0x0000BEEF,
savedTimeEvents[486], 0x00002B72,
savedTimeEvents[487], 0x0000DEAD,
savedTimeEvents[488], 0x00000051,
savedTimeEvents[489], 0x000003E8,
savedTimeEvents[490], 0x0000324D,
savedTimeEvents[491], 0x0000BEEF,
savedTimeEvents[492], 0x0000324E,
savedTimeEvents[493], 0x0000DEAD,
savedTimeEvents[494], 0x00000052,
savedTimeEvents[495], 0x000003E8,
savedTimeEvents[496], 0x00003929,
savedTimeEvents[497], 0x0000BEEF,
savedTimeEvents[498], 0x00003929,
savedTimeEvents[499], 0x0000DEAD,
savedTimeEvents[500], 0x00000053,
savedTimeEvents[501], 0x000003E8,
savedTimeEvents[502], 0x00004004,
savedTimeEvents[503], 0x0000BEEF,
savedTimeEvents[504], 0x00004005,
savedTimeEvents[505], 0x0000DEAD,
savedTimeEvents[506], 0x00000054,
savedTimeEvents[507], 0x000003E8,
savedTimeEvents[508], 0x000046E0,
savedTimeEvents[509], 0x0000BEEF,
savedTimeEvents[510], 0x000046E0,
savedTimeEvents[511], 0x0000DEAD,
savedTimeEvents[512], 0x00000055,
savedTimeEvents[513], 0x000003E8,
savedTimeEvents[514], 0x00004DBB,
savedTimeEvents[515], 0x0000BEEF,
savedTimeEvents[516], 0x00004DBC,
savedTimeEvents[517], 0x0000DEAD,
savedTimeEvents[518], 0x00000056,
savedTimeEvents[519], 0x000003E8,
savedTimeEvents[520], 0x00005497,
savedTimeEvents[521], 0x0000BEEF,
savedTimeEvents[522], 0x00005497,
savedTimeEvents[523], 0x0000DEAD,
savedTimeEvents[524], 0x00000057,
savedTimeEvents[525], 0x000003E8,
savedTimeEvents[526], 0x00005B72,
savedTimeEvents[527], 0x0000BEEF,
savedTimeEvents[528], 0x00005B73,
savedTimeEvents[529], 0x0000DEAD,
savedTimeEvents[530], 0x00000058,
savedTimeEvents[531], 0x000003E8,
savedTimeEvents[532], 0x0000624E,
savedTimeEvents[533], 0x0000BEEF,
savedTimeEvents[534], 0x0000624E,
savedTimeEvents[535], 0x0000DEAD,
savedTimeEvents[536], 0x00000059,
savedTimeEvents[537], 0x000003E8,
savedTimeEvents[538], 0x00006929,
savedTimeEvents[539], 0x0000BEEF,
savedTimeEvents[540], 0x0000692A,
savedTimeEvents[541], 0x0000DEAD,
savedTimeEvents[542], 0x0000005A,
savedTimeEvents[543], 0x000003E8,
savedTimeEvents[544], 0x00007005,
savedTimeEvents[545], 0x0000BEEF,
savedTimeEvents[546], 0x00007005,
savedTimeEvents[547], 0x0000DEAD,
savedTimeEvents[548], 0x0000005B,
savedTimeEvents[549], 0x000003E8,
savedTimeEvents[550], 0x000076E0,
savedTimeEvents[551], 0x0000BEEF,
savedTimeEvents[552], 0x000076E1,
savedTimeEvents[553], 0x0000DEAD,
savedTimeEvents[554], 0x0000005C,
savedTimeEvents[555], 0x000003E8,
savedTimeEvents[556], 0x00007DBB,
savedTimeEvents[557], 0x0000BEEF,
savedTimeEvents[558], 0x00007DBC,
savedTimeEvents[559], 0x0000DEAD,
savedTimeEvents[560], 0x0000005D,
savedTimeEvents[561], 0x000003E8,
savedTimeEvents[562], 0x00008497,
savedTimeEvents[563], 0x0000BEEF,
savedTimeEvents[564], 0x00008498,
savedTimeEvents[565], 0x0000DEAD,
savedTimeEvents[566], 0x0000005E,
savedTimeEvents[567], 0x000003E8,
savedTimeEvents[568], 0x00008B72,
savedTimeEvents[569], 0x0000BEEF,
savedTimeEvents[570], 0x00008B73,
savedTimeEvents[571], 0x0000DEAD,
savedTimeEvents[572], 0x0000005F,
savedTimeEvents[573], 0x000003E8,
savedTimeEvents[574], 0x0000924E,
savedTimeEvents[575], 0x0000BEEF,
savedTimeEvents[576], 0x0000924F,
savedTimeEvents[577], 0x0000DEAD,
savedTimeEvents[578], 0x00000060,
savedTimeEvents[579], 0x000003E8,
savedTimeEvents[580], 0x00009929,
savedTimeEvents[581], 0x0000BEEF,
savedTimeEvents[582], 0x0000992A,
savedTimeEvents[583], 0x0000DEAD,
savedTimeEvents[584], 0x00000061,
savedTimeEvents[585], 0x000003E8,
savedTimeEvents[586], 0x0000A005,
savedTimeEvents[587], 0x0000BEEF,
savedTimeEvents[588], 0x0000A005,
savedTimeEvents[589], 0x0000DEAD,
savedTimeEvents[590], 0x00000062,
savedTimeEvents[591], 0x000003E8,
savedTimeEvents[592], 0x0000A6E0,
savedTimeEvents[593], 0x0000BEEF,
savedTimeEvents[594], 0x0000A6E1,
savedTimeEvents[595], 0x0000DEAD,
savedTimeEvents[596], 0x00000063,
savedTimeEvents[597], 0x000003E8,
savedTimeEvents[598], 0x0000ADBC,
savedTimeEvents[599], 0x0000BEEF,
savedTimeEvents[600], 0x00000000,
savedTimeEvents[601], 0x00000000,
savedTimeEvents[602], 0x00000000,
savedTimeEvents[603], 0x00000000,
savedTimeEvents[604], 0x00000000,
savedTimeEvents[605], 0x00000000,
savedTimeEvents[606], 0x00000000,
savedTimeEvents[607], 0x00000000,
savedTimeEvents[608], 0x00000000,
savedTimeEvents[609], 0x00000000,
savedTimeEvents[610], 0x00000000,
savedTimeEvents[611], 0x00000000,
savedTimeEvents[612], 0x00000000,
savedTimeEvents[613], 0x00000000,
savedTimeEvents[614], 0x00000000,
savedTimeEvents[615], 0x00000000,
savedTimeEvents[616], 0x00000000,
savedTimeEvents[617], 0x00000000,
savedTimeEvents[618], 0x00000000,
savedTimeEvents[619], 0x00000000,
savedTimeEvents[620], 0x00000000,
savedTimeEvents[621], 0x00000000,
savedTimeEvents[622], 0x00000000,
savedTimeEvents[623], 0x00000000,
savedTimeEvents[624], 0x00000000,
savedTimeEvents[625], 0x00000000,
savedTimeEvents[626], 0x00000000,
savedTimeEvents[627], 0x00000000,
savedTimeEvents[628], 0x00000000,
savedTimeEvents[629], 0x00000000,
savedTimeEvents[630], 0x00000000,
savedTimeEvents[631], 0x00000000,
savedTimeEvents[632], 0x00000000,
savedTimeEvents[633], 0x00000000,
savedTimeEvents[634], 0x00000000,
savedTimeEvents[635], 0x00000000,
savedTimeEvents[636], 0x00000000,
savedTimeEvents[637], 0x00000000,
savedTimeEvents[638], 0x00000000,
savedTimeEvents[639], 0x00000000,
savedTimeEvents[640], 0x00000000,
savedTimeEvents[641], 0x00000000,
savedTimeEvents[642], 0x00000000,
savedTimeEvents[643], 0x00000000,
savedTimeEvents[644], 0x00000000,
savedTimeEvents[645], 0x00000000,
savedTimeEvents[646], 0x00000000,
savedTimeEvents[647], 0x00000000,
savedTimeEvents[648], 0x00000000,
savedTimeEvents[649], 0x00000000,
savedTimeEvents[650], 0x00000000,
savedTimeEvents[651], 0x00000000,
savedTimeEvents[652], 0x00000000,
savedTimeEvents[653], 0x00000000,
savedTimeEvents[654], 0x00000000,
savedTimeEvents[655], 0x00000000,
savedTimeEvents[656], 0x00000000,
savedTimeEvents[657], 0x00000000,
savedTimeEvents[658], 0x00000000,
savedTimeEvents[659], 0x00000000,
savedTimeEvents[660], 0x00000000,
savedTimeEvents[661], 0x00000000,
savedTimeEvents[662], 0x00000000,
savedTimeEvents[663], 0x00000000,
savedTimeEvents[664], 0x00000000,
savedTimeEvents[665], 0x00000000,
savedTimeEvents[666], 0x00000000,
savedTimeEvents[667], 0x00000000,
savedTimeEvents[668], 0x00000000,
savedTimeEvents[669], 0x00000000,
savedTimeEvents[670], 0x00000000,
savedTimeEvents[671], 0x00000000,
savedTimeEvents[672], 0x00000000,
savedTimeEvents[673], 0x00000000,
savedTimeEvents[674], 0x00000000,
savedTimeEvents[675], 0x00000000,
savedTimeEvents[676], 0x00000000,
savedTimeEvents[677], 0x00000000,
savedTimeEvents[678], 0x00000000,
savedTimeEvents[679], 0x00000000,
savedTimeEvents[680], 0x00000000,
savedTimeEvents[681], 0x00000000,
savedTimeEvents[682], 0x00000000,
savedTimeEvents[683], 0x00000000,
savedTimeEvents[684], 0x00000000,
savedTimeEvents[685], 0x00000000,
savedTimeEvents[686], 0x00000000,
savedTimeEvents[687], 0x00000000,
savedTimeEvents[688], 0x00000000,
savedTimeEvents[689], 0x00000000,
savedTimeEvents[690], 0x00000000,
savedTimeEvents[691], 0x00000000,
savedTimeEvents[692], 0x00000000,
savedTimeEvents[693], 0x00000000,
savedTimeEvents[694], 0x00000000,
savedTimeEvents[695], 0x00000000,
savedTimeEvents[696], 0x00000000,
savedTimeEvents[697], 0x00000000,
savedTimeEvents[698], 0x00000000,
savedTimeEvents[699], 0x00000000,
savedTimeEvents[700], 0x00000000,
savedTimeEvents[701], 0x00000000,
savedTimeEvents[702], 0x00000000,
savedTimeEvents[703], 0x00000000,
savedTimeEvents[704], 0x00000000,
savedTimeEvents[705], 0x00000000,
savedTimeEvents[706], 0x00000000,
savedTimeEvents[707], 0x00000000,
savedTimeEvents[708], 0x00000000,
savedTimeEvents[709], 0x00000000,
savedTimeEvents[710], 0x00000000,
savedTimeEvents[711], 0x00000000,
savedTimeEvents[712], 0x00000000,
savedTimeEvents[713], 0x00000000,
savedTimeEvents[714], 0x00000000,
savedTimeEvents[715], 0x00000000,
savedTimeEvents[716], 0x00000000,
savedTimeEvents[717], 0x00000000,
savedTimeEvents[718], 0x00000000,
savedTimeEvents[719], 0x00000000,
savedTimeEvents[720], 0x00000000,
savedTimeEvents[721], 0x00000000,
savedTimeEvents[722], 0x00000000,
savedTimeEvents[723], 0x00000000,
savedTimeEvents[724], 0x00000000,
savedTimeEvents[725], 0x00000000,
savedTimeEvents[726], 0x00000000,
savedTimeEvents[727], 0x00000000,
savedTimeEvents[728], 0x00000000,
savedTimeEvents[729], 0x00000000,
savedTimeEvents[730], 0x00000000,
savedTimeEvents[731], 0x00000000,
savedTimeEvents[732], 0x00000000,
savedTimeEvents[733], 0x00000000,
savedTimeEvents[734], 0x00000000,
savedTimeEvents[735], 0x00000000,
savedTimeEvents[736], 0x00000000,
savedTimeEvents[737], 0x00000000,
savedTimeEvents[738], 0x00000000,
savedTimeEvents[739], 0x00000000,
savedTimeEvents[740], 0x00000000,
savedTimeEvents[741], 0x00000000,
savedTimeEvents[742], 0x00000000,
savedTimeEvents[743], 0x00000000,
savedTimeEvents[744], 0x00000000,
savedTimeEvents[745], 0x00000000,
savedTimeEvents[746], 0x00000000,
savedTimeEvents[747], 0x00000000,
savedTimeEvents[748], 0x00000000,
savedTimeEvents[749], 0x00000000,
savedTimeEvents[750], 0x00000000,
savedTimeEvents[751], 0x00000000,
savedTimeEvents[752], 0x00000000,
savedTimeEvents[753], 0x00000000,
savedTimeEvents[754], 0x00000000,
savedTimeEvents[755], 0x00000000,
savedTimeEvents[756], 0x00000000,
savedTimeEvents[757], 0x00000000,
savedTimeEvents[758], 0x00000000,
savedTimeEvents[759], 0x00000000,
savedTimeEvents[760], 0x00000000,
savedTimeEvents[761], 0x00000000,
savedTimeEvents[762], 0x00000000,
savedTimeEvents[763], 0x00000000,
savedTimeEvents[764], 0x00000000,
savedTimeEvents[765], 0x00000000,
savedTimeEvents[766], 0x00000000,
savedTimeEvents[767], 0x00000000,
savedTimeEvents[768], 0x00000000,
savedTimeEvents[769], 0x00000000,
savedTimeEvents[770], 0x00000000,
savedTimeEvents[771], 0x00000000,
savedTimeEvents[772], 0x00000000,
savedTimeEvents[773], 0x00000000,
savedTimeEvents[774], 0x00000000,
savedTimeEvents[775], 0x00000000,
savedTimeEvents[776], 0x00000000,
savedTimeEvents[777], 0x00000000,
savedTimeEvents[778], 0x00000000,
savedTimeEvents[779], 0x00000000,
savedTimeEvents[780], 0x00000000,
savedTimeEvents[781], 0x00000000,
savedTimeEvents[782], 0x00000000,
savedTimeEvents[783], 0x00000000,
savedTimeEvents[784], 0x00000000,
savedTimeEvents[785], 0x00000000,
savedTimeEvents[786], 0x00000000,
savedTimeEvents[787], 0x00000000,
savedTimeEvents[788], 0x00000000,
savedTimeEvents[789], 0x00000000,
savedTimeEvents[790], 0x00000000,
savedTimeEvents[791], 0x00000000,
savedTimeEvents[792], 0x00000000,
savedTimeEvents[793], 0x00000000,
savedTimeEvents[794], 0x00000000,
savedTimeEvents[795], 0x00000000,
savedTimeEvents[796], 0x00000000,
savedTimeEvents[797], 0x00000000,
savedTimeEvents[798], 0x00000000,
savedTimeEvents[799], 0x00000000,
savedTimeEvents[800], 0x00000000,
savedTimeEvents[801], 0x00000000,
savedTimeEvents[802], 0x00000000,
savedTimeEvents[803], 0x00000000,
savedTimeEvents[804], 0x00000000,
savedTimeEvents[805], 0x00000000,
savedTimeEvents[806], 0x00000000,
savedTimeEvents[807], 0x00000000,
savedTimeEvents[808], 0x00000000,
savedTimeEvents[809], 0x00000000,
savedTimeEvents[810], 0x00000000,
savedTimeEvents[811], 0x00000000,
savedTimeEvents[812], 0x00000000,
savedTimeEvents[813], 0x00000000,
savedTimeEvents[814], 0x00000000,
savedTimeEvents[815], 0x00000000,
savedTimeEvents[816], 0x00000000,
savedTimeEvents[817], 0x00000000,
savedTimeEvents[818], 0x00000000,
savedTimeEvents[819], 0x00000000,
savedTimeEvents[820], 0x00000000,
savedTimeEvents[821], 0x00000000,
savedTimeEvents[822], 0x00000000,
savedTimeEvents[823], 0x00000000,
savedTimeEvents[824], 0x00000000,
savedTimeEvents[825], 0x00000000,
savedTimeEvents[826], 0x00000000,
savedTimeEvents[827], 0x00000000,
savedTimeEvents[828], 0x00000000,
savedTimeEvents[829], 0x00000000,
savedTimeEvents[830], 0x00000000,
savedTimeEvents[831], 0x00000000,
savedTimeEvents[832], 0x00000000,
savedTimeEvents[833], 0x00000000,
savedTimeEvents[834], 0x00000000,
savedTimeEvents[835], 0x00000000,
savedTimeEvents[836], 0x00000000,
savedTimeEvents[837], 0x00000000,
savedTimeEvents[838], 0x00000000,
savedTimeEvents[839], 0x00000000,
savedTimeEvents[840], 0x00000000,
savedTimeEvents[841], 0x00000000,
savedTimeEvents[842], 0x00000000,
savedTimeEvents[843], 0x00000000,
savedTimeEvents[844], 0x00000000,
savedTimeEvents[845], 0x00000000,
savedTimeEvents[846], 0x00000000,
savedTimeEvents[847], 0x00000000,
savedTimeEvents[848], 0x00000000,
savedTimeEvents[849], 0x00000000,
savedTimeEvents[850], 0x00000000,
savedTimeEvents[851], 0x00000000,
savedTimeEvents[852], 0x00000000,
savedTimeEvents[853], 0x00000000,
savedTimeEvents[854], 0x00000000,
savedTimeEvents[855], 0x00000000,
savedTimeEvents[856], 0x00000000,
savedTimeEvents[857], 0x00000000,
savedTimeEvents[858], 0x00000000,
savedTimeEvents[859], 0x00000000,
savedTimeEvents[860], 0x00000000,
savedTimeEvents[861], 0x00000000,
savedTimeEvents[862], 0x00000000,
savedTimeEvents[863], 0x00000000,
savedTimeEvents[864], 0x00000000,
savedTimeEvents[865], 0x00000000,
savedTimeEvents[866], 0x00000000,
savedTimeEvents[867], 0x00000000,
savedTimeEvents[868], 0x00000000,
savedTimeEvents[869], 0x00000000,
savedTimeEvents[870], 0x00000000,
savedTimeEvents[871], 0x00000000,
savedTimeEvents[872], 0x00000000,
savedTimeEvents[873], 0x00000000,
savedTimeEvents[874], 0x00000000,
savedTimeEvents[875], 0x00000000,
savedTimeEvents[876], 0x00000000,
savedTimeEvents[877], 0x00000000,
savedTimeEvents[878], 0x00000000,
savedTimeEvents[879], 0x00000000,
savedTimeEvents[880], 0x00000000,
savedTimeEvents[881], 0x00000000,
savedTimeEvents[882], 0x00000000,
savedTimeEvents[883], 0x00000000,
savedTimeEvents[884], 0x00000000,
savedTimeEvents[885], 0x00000000,
savedTimeEvents[886], 0x00000000,
savedTimeEvents[887], 0x00000000,
savedTimeEvents[888], 0x00000000,
savedTimeEvents[889], 0x00000000,
savedTimeEvents[890], 0x00000000,
savedTimeEvents[891], 0x00000000,
savedTimeEvents[892], 0x00000000,
savedTimeEvents[893], 0x00000000,
savedTimeEvents[894], 0x00000000,
savedTimeEvents[895], 0x00000000,
savedTimeEvents[896], 0x00000000,
savedTimeEvents[897], 0x00000000,
savedTimeEvents[898], 0x00000000,
savedTimeEvents[899], 0x00000000,
savedTimeEvents[900], 0x00000000,
savedTimeEvents[901], 0x00000000,
savedTimeEvents[902], 0x00000000,
savedTimeEvents[903], 0x00000000,
savedTimeEvents[904], 0x00000000,
savedTimeEvents[905], 0x00000000,
savedTimeEvents[906], 0x00000000,
savedTimeEvents[907], 0x00000000,
savedTimeEvents[908], 0x00000000,
savedTimeEvents[909], 0x00000000,
savedTimeEvents[910], 0x00000000,
savedTimeEvents[911], 0x00000000,
savedTimeEvents[912], 0x00000000,
savedTimeEvents[913], 0x00000000,
savedTimeEvents[914], 0x00000000,
savedTimeEvents[915], 0x00000000,
savedTimeEvents[916], 0x00000000,
savedTimeEvents[917], 0x00000000,
savedTimeEvents[918], 0x00000000,
savedTimeEvents[919], 0x00000000,
savedTimeEvents[920], 0x00000000,
savedTimeEvents[921], 0x00000000,
savedTimeEvents[922], 0x00000000,
savedTimeEvents[923], 0x00000000,
savedTimeEvents[924], 0x00000000,
savedTimeEvents[925], 0x00000000,
savedTimeEvents[926], 0x00000000,
savedTimeEvents[927], 0x00000000,
savedTimeEvents[928], 0x00000000,
savedTimeEvents[929], 0x00000000,
savedTimeEvents[930], 0x00000000,
savedTimeEvents[931], 0x00000000,
savedTimeEvents[932], 0x00000000,
savedTimeEvents[933], 0x00000000,
savedTimeEvents[934], 0x00000000,
savedTimeEvents[935], 0x00000000,
savedTimeEvents[936], 0x00000000,
savedTimeEvents[937], 0x00000000,
savedTimeEvents[938], 0x00000000,
savedTimeEvents[939], 0x00000000,
savedTimeEvents[940], 0x00000000,
savedTimeEvents[941], 0x00000000,
savedTimeEvents[942], 0x00000000,
savedTimeEvents[943], 0x00000000,
savedTimeEvents[944], 0x00000000,
savedTimeEvents[945], 0x00000000,
savedTimeEvents[946], 0x00000000,
savedTimeEvents[947], 0x00000000,
savedTimeEvents[948], 0x00000000,
savedTimeEvents[949], 0x00000000,
savedTimeEvents[950], 0x00000000,
savedTimeEvents[951], 0x00000000,
savedTimeEvents[952], 0x00000000,
savedTimeEvents[953], 0x00000000,
savedTimeEvents[954], 0x00000000,
savedTimeEvents[955], 0x00000000,
savedTimeEvents[956], 0x00000000,
savedTimeEvents[957], 0x00000000,
savedTimeEvents[958], 0x00000000,
savedTimeEvents[959], 0x00000000,
savedTimeEvents[960], 0x00000000,
savedTimeEvents[961], 0x00000000,
savedTimeEvents[962], 0x00000000,
savedTimeEvents[963], 0x00000000,
savedTimeEvents[964], 0x00000000,
savedTimeEvents[965], 0x00000000,
savedTimeEvents[966], 0x00000000,
savedTimeEvents[967], 0x00000000,
savedTimeEvents[968], 0x00000000,
savedTimeEvents[969], 0x00000000,
savedTimeEvents[970], 0x00000000,
savedTimeEvents[971], 0x00000000,
savedTimeEvents[972], 0x00000000,
savedTimeEvents[973], 0x00000000,
savedTimeEvents[974], 0x00000000,
savedTimeEvents[975], 0x00000000,
savedTimeEvents[976], 0x00000000,
savedTimeEvents[977], 0x00000000,
savedTimeEvents[978], 0x00000000,
savedTimeEvents[979], 0x00000000,
savedTimeEvents[980], 0x00000000,
savedTimeEvents[981], 0x00000000,
savedTimeEvents[982], 0x00000000,
savedTimeEvents[983], 0x00000000,
savedTimeEvents[984], 0x00000000,
savedTimeEvents[985], 0x00000000,
savedTimeEvents[986], 0x00000000,
savedTimeEvents[987], 0x00000000,
savedTimeEvents[988], 0x00000000,
savedTimeEvents[989], 0x00000000,
savedTimeEvents[990], 0x00000000,
savedTimeEvents[991], 0x00000000,
savedTimeEvents[992], 0x00000000,
savedTimeEvents[993], 0x00000000,
savedTimeEvents[994], 0x00000000,
savedTimeEvents[995], 0x00000000,
savedTimeEvents[996], 0x00000000,
savedTimeEvents[997], 0x00000000,
savedTimeEvents[998], 0x00000000,
savedTimeEvents[999], 0x00000000,
savedTimeEvents[1000], 0x00000000,
savedTimeEvents[1001], 0x00000000,
savedTimeEvents[1002], 0x00000000,
savedTimeEvents[1003], 0x00000000,
savedTimeEvents[1004], 0x00000000,
savedTimeEvents[1005], 0x00000000,
savedTimeEvents[1006], 0x00000000,
savedTimeEvents[1007], 0x00000000,
savedTimeEvents[1008], 0x00000000,
savedTimeEvents[1009], 0x00000000,
savedTimeEvents[1010], 0x00000000,
savedTimeEvents[1011], 0x00000000,
savedTimeEvents[1012], 0x00000000,
savedTimeEvents[1013], 0x00000000,
savedTimeEvents[1014], 0x00000000,
savedTimeEvents[1015], 0x00000000,
savedTimeEvents[1016], 0x00000000,
savedTimeEvents[1017], 0x00000000,
savedTimeEvents[1018], 0x00000000,
savedTimeEvents[1019], 0x00000000,
savedTimeEvents[1020], 0x00000000,
savedTimeEvents[1021], 0x00000000,
savedTimeEvents[1022], 0x00000000,
savedTimeEvents[1023], 0x00000000,
